work_id,rater_id,method,dimension,rating
image01,R1,direct,actionability,3
image01,R2,direct,actionability,4
image01,R3,direct,actionability,1
image01,R1,direct,pedagogical,3
image01,R2,direct,pedagogical,3
image01,R3,direct,pedagogical,2
image01,R1,direct,relevance,1
image01,R2,direct,relevance,3
image01,R3,direct,relevance,1
image01,R1,direct,specificity,2
image01,R2,direct,specificity,3
image01,R3,direct,specificity,2
image01,R1,gdeval,actionability,4
image01,R2,gdeval,actionability,5
image01,R3,gdeval,actionability,5
image01,R1,gdeval,pedagogical,5
image01,R2,gdeval,pedagogical,5
image01,R3,gdeval,pedagogical,5
image01,R1,gdeval,relevance,5
image01,R2,gdeval,relevance,5
image01,R3,gdeval,relevance,4
image01,R1,gdeval,specificity,4
image01,R2,gdeval,specificity,5
image01,R3,gdeval,specificity,4
image01,R1,rubric,actionability,3
image01,R2,rubric,actionability,4
image01,R3,rubric,actionability,4
image01,R1,rubric,pedagogical,2
image01,R2,rubric,pedagogical,4
image01,R3,rubric,pedagogical,4
image01,R1,rubric,relevance,4
image01,R2,rubric,relevance,4
image01,R3,rubric,relevance,3
image01,R1,rubric,specificity,3
image01,R2,rubric,specificity,4
image01,R3,rubric,specificity,3
image02,R1,direct,actionability,1
image02,R2,direct,actionability,4
image02,R3,direct,actionability,1
image02,R1,direct,pedagogical,2
image02,R2,direct,pedagogical,3
image02,R3,direct,pedagogical,1
image02,R1,direct,relevance,2
image02,R2,direct,relevance,3
image02,R3,direct,relevance,2
image02,R1,direct,specificity,2
image02,R2,direct,specificity,3
image02,R3,direct,specificity,2
image02,R1,gdeval,actionability,5
image02,R2,gdeval,actionability,5
image02,R3,gdeval,actionability,5
image02,R1,gdeval,pedagogical,5
image02,R2,gdeval,pedagogical,5
image02,R3,gdeval,pedagogical,5
image02,R1,gdeval,relevance,4
image02,R2,gdeval,relevance,5
image02,R3,gdeval,relevance,5
image02,R1,gdeval,specificity,4
image02,R2,gdeval,specificity,5
image02,R3,gdeval,specificity,5
image02,R1,rubric,actionability,3
image02,R2,rubric,actionability,4
image02,R3,rubric,actionability,3
image02,R1,rubric,pedagogical,3
image02,R2,rubric,pedagogical,4
image02,R3,rubric,pedagogical,3
image02,R1,rubric,relevance,3
image02,R2,rubric,relevance,4
image02,R3,rubric,relevance,3
image02,R1,rubric,specificity,3
image02,R2,rubric,specificity,4
image02,R3,rubric,specificity,4
image03,R1,direct,actionability,3
image03,R2,direct,actionability,4
image03,R3,direct,actionability,2
image03,R1,direct,pedagogical,3
image03,R2,direct,pedagogical,3
image03,R3,direct,pedagogical,2
image03,R1,direct,relevance,3
image03,R2,direct,relevance,3
image03,R3,direct,relevance,2
image03,R1,direct,specificity,3
image03,R2,direct,specificity,3
image03,R3,direct,specificity,4
image03,R1,gdeval,actionability,5
image03,R2,gdeval,actionability,4
image03,R3,gdeval,actionability,5
image03,R1,gdeval,pedagogical,4
image03,R2,gdeval,pedagogical,4
image03,R3,gdeval,pedagogical,5
image03,R1,gdeval,relevance,5
image03,R2,gdeval,relevance,4
image03,R3,gdeval,relevance,5
image03,R1,gdeval,specificity,4
image03,R2,gdeval,specificity,4
image03,R3,gdeval,specificity,4
image03,R1,rubric,actionability,3
image03,R2,rubric,actionability,4
image03,R3,rubric,actionability,4
image03,R1,rubric,pedagogical,4
image03,R2,rubric,pedagogical,4
image03,R3,rubric,pedagogical,4
image03,R1,rubric,relevance,3
image03,R2,rubric,relevance,4
image03,R3,rubric,relevance,3
image03,R1,rubric,specificity,3
image03,R2,rubric,specificity,4
image03,R3,rubric,specificity,4
image04,R1,direct,actionability,3
image04,R2,direct,actionability,4
image04,R3,direct,actionability,2
image04,R1,direct,pedagogical,3
image04,R2,direct,pedagogical,3
image04,R3,direct,pedagogical,1
image04,R1,direct,relevance,2
image04,R2,direct,relevance,3
image04,R3,direct,relevance,2
image04,R1,direct,specificity,3
image04,R2,direct,specificity,3
image04,R3,direct,specificity,1
image04,R1,gdeval,actionability,5
image04,R2,gdeval,actionability,5
image04,R3,gdeval,actionability,5
image04,R1,gdeval,pedagogical,5
image04,R2,gdeval,pedagogical,5
image04,R3,gdeval,pedagogical,5
image04,R1,gdeval,relevance,4
image04,R2,gdeval,relevance,5
image04,R3,gdeval,relevance,5
image04,R1,gdeval,specificity,5
image04,R2,gdeval,specificity,5
image04,R3,gdeval,specificity,5
image04,R1,rubric,actionability,3
image04,R2,rubric,actionability,4
image04,R3,rubric,actionability,4
image04,R1,rubric,pedagogical,3
image04,R2,rubric,pedagogical,4
image04,R3,rubric,pedagogical,3
image04,R1,rubric,relevance,3
image04,R2,rubric,relevance,4
image04,R3,rubric,relevance,4
image04,R1,rubric,specificity,3
image04,R2,rubric,specificity,4
image04,R3,rubric,specificity,4
image05,R1,direct,actionability,3
image05,R2,direct,actionability,4
image05,R3,direct,actionability,3
image05,R1,direct,pedagogical,3
image05,R2,direct,pedagogical,3
image05,R3,direct,pedagogical,2
image05,R1,direct,relevance,3
image05,R2,direct,relevance,3
image05,R3,direct,relevance,3
image05,R1,direct,specificity,3
image05,R2,direct,specificity,3
image05,R3,direct,specificity,4
image05,R1,gdeval,actionability,4
image05,R2,gdeval,actionability,5
image05,R3,gdeval,actionability,5
image05,R1,gdeval,pedagogical,5
image05,R2,gdeval,pedagogical,5
image05,R3,gdeval,pedagogical,5
image05,R1,gdeval,relevance,4
image05,R2,gdeval,relevance,5
image05,R3,gdeval,relevance,5
image05,R1,gdeval,specificity,5
image05,R2,gdeval,specificity,5
image05,R3,gdeval,specificity,5
image05,R1,rubric,actionability,4
image05,R2,rubric,actionability,4
image05,R3,rubric,actionability,2
image05,R1,rubric,pedagogical,4
image05,R2,rubric,pedagogical,4
image05,R3,rubric,pedagogical,1
image05,R1,rubric,relevance,5
image05,R2,rubric,relevance,4
image05,R3,rubric,relevance,2
image05,R1,rubric,specificity,5
image05,R2,rubric,specificity,4
image05,R3,rubric,specificity,4
image06,R1,direct,actionability,3
image06,R2,direct,actionability,4
image06,R3,direct,actionability,1
image06,R1,direct,pedagogical,3
image06,R2,direct,pedagogical,3
image06,R3,direct,pedagogical,1
image06,R1,direct,relevance,3
image06,R2,direct,relevance,3
image06,R3,direct,relevance,1
image06,R1,direct,specificity,2
image06,R2,direct,specificity,3
image06,R3,direct,specificity,1
image06,R1,gdeval,actionability,4
image06,R2,gdeval,actionability,5
image06,R3,gdeval,actionability,5
image06,R1,gdeval,pedagogical,5
image06,R2,gdeval,pedagogical,5
image06,R3,gdeval,pedagogical,5
image06,R1,gdeval,relevance,4
image06,R2,gdeval,relevance,5
image06,R3,gdeval,relevance,5
image06,R1,gdeval,specificity,5
image06,R2,gdeval,specificity,5
image06,R3,gdeval,specificity,5
image06,R1,rubric,actionability,3
image06,R2,rubric,actionability,4
image06,R3,rubric,actionability,3
image06,R1,rubric,pedagogical,4
image06,R2,rubric,pedagogical,4
image06,R3,rubric,pedagogical,3
image06,R1,rubric,relevance,3
image06,R2,rubric,relevance,4
image06,R3,rubric,relevance,3
image06,R1,rubric,specificity,4
image06,R2,rubric,specificity,4
image06,R3,rubric,specificity,4
image07,R1,direct,actionability,2
image07,R2,direct,actionability,4
image07,R3,direct,actionability,1
image07,R1,direct,pedagogical,2
image07,R2,direct,pedagogical,3
image07,R3,direct,pedagogical,2
image07,R1,direct,relevance,2
image07,R2,direct,relevance,3
image07,R3,direct,relevance,2
image07,R1,direct,specificity,2
image07,R2,direct,specificity,3
image07,R3,direct,specificity,1
image07,R1,gdeval,actionability,4
image07,R2,gdeval,actionability,5
image07,R3,gdeval,actionability,5
image07,R1,gdeval,pedagogical,5
image07,R2,gdeval,pedagogical,5
image07,R3,gdeval,pedagogical,5
image07,R1,gdeval,relevance,4
image07,R2,gdeval,relevance,5
image07,R3,gdeval,relevance,5
image07,R1,gdeval,specificity,5
image07,R2,gdeval,specificity,5
image07,R3,gdeval,specificity,5
image07,R1,rubric,actionability,4
image07,R2,rubric,actionability,4
image07,R3,rubric,actionability,3
image07,R1,rubric,pedagogical,4
image07,R2,rubric,pedagogical,3
image07,R3,rubric,pedagogical,3
image07,R1,rubric,relevance,4
image07,R2,rubric,relevance,4
image07,R3,rubric,relevance,3
image07,R1,rubric,specificity,4
image07,R2,rubric,specificity,4
image07,R3,rubric,specificity,3
image08,R1,direct,actionability,3
image08,R2,direct,actionability,4
image08,R3,direct,actionability,1
image08,R1,direct,pedagogical,3
image08,R2,direct,pedagogical,3
image08,R3,direct,pedagogical,1
image08,R1,direct,relevance,2
image08,R2,direct,relevance,3
image08,R3,direct,relevance,2
image08,R1,direct,specificity,3
image08,R2,direct,specificity,3
image08,R3,direct,specificity,2
image08,R1,gdeval,actionability,4
image08,R2,gdeval,actionability,5
image08,R3,gdeval,actionability,5
image08,R1,gdeval,pedagogical,4
image08,R2,gdeval,pedagogical,5
image08,R3,gdeval,pedagogical,5
image08,R1,gdeval,relevance,4
image08,R2,gdeval,relevance,5
image08,R3,gdeval,relevance,5
image08,R1,gdeval,specificity,4
image08,R2,gdeval,specificity,5
image08,R3,gdeval,specificity,5
image08,R1,rubric,actionability,4
image08,R2,rubric,actionability,4
image08,R3,rubric,actionability,4
image08,R1,rubric,pedagogical,5
image08,R2,rubric,pedagogical,4
image08,R3,rubric,pedagogical,3
image08,R1,rubric,relevance,4
image08,R2,rubric,relevance,4
image08,R3,rubric,relevance,4
image08,R1,rubric,specificity,5
image08,R2,rubric,specificity,4
image08,R3,rubric,specificity,4
image09,R1,direct,actionability,3
image09,R2,direct,actionability,3
image09,R3,direct,actionability,2
image09,R1,direct,pedagogical,2
image09,R2,direct,pedagogical,3
image09,R3,direct,pedagogical,1
image09,R1,direct,relevance,2
image09,R2,direct,relevance,3
image09,R3,direct,relevance,2
image09,R1,direct,specificity,3
image09,R2,direct,specificity,3
image09,R3,direct,specificity,3
image09,R1,gdeval,actionability,4
image09,R2,gdeval,actionability,5
image09,R3,gdeval,actionability,5
image09,R1,gdeval,pedagogical,5
image09,R2,gdeval,pedagogical,5
image09,R3,gdeval,pedagogical,5
image09,R1,gdeval,relevance,4
image09,R2,gdeval,relevance,5
image09,R3,gdeval,relevance,4
image09,R1,gdeval,specificity,5
image09,R2,gdeval,specificity,5
image09,R3,gdeval,specificity,5
image09,R1,rubric,actionability,4
image09,R2,rubric,actionability,4
image09,R3,rubric,actionability,3
image09,R1,rubric,pedagogical,4
image09,R2,rubric,pedagogical,3
image09,R3,rubric,pedagogical,3
image09,R1,rubric,relevance,4
image09,R2,rubric,relevance,3
image09,R3,rubric,relevance,4
image09,R1,rubric,specificity,5
image09,R2,rubric,specificity,3
image09,R3,rubric,specificity,4
image10,R1,direct,actionability,2
image10,R2,direct,actionability,4
image10,R3,direct,actionability,2
image10,R1,direct,pedagogical,2
image10,R2,direct,pedagogical,3
image10,R3,direct,pedagogical,1
image10,R1,direct,relevance,2
image10,R2,direct,relevance,3
image10,R3,direct,relevance,2
image10,R1,direct,specificity,3
image10,R2,direct,specificity,3
image10,R3,direct,specificity,1
image10,R1,gdeval,actionability,4
image10,R2,gdeval,actionability,5
image10,R3,gdeval,actionability,4
image10,R1,gdeval,pedagogical,5
image10,R2,gdeval,pedagogical,5
image10,R3,gdeval,pedagogical,5
image10,R1,gdeval,relevance,4
image10,R2,gdeval,relevance,5
image10,R3,gdeval,relevance,4
image10,R1,gdeval,specificity,5
image10,R2,gdeval,specificity,5
image10,R3,gdeval,specificity,5
image10,R1,rubric,actionability,4
image10,R2,rubric,actionability,4
image10,R3,rubric,actionability,4
image10,R1,rubric,pedagogical,4
image10,R2,rubric,pedagogical,4
image10,R3,rubric,pedagogical,3
image10,R1,rubric,relevance,3
image10,R2,rubric,relevance,4
image10,R3,rubric,relevance,3
image10,R1,rubric,specificity,4
image10,R2,rubric,specificity,4
image10,R3,rubric,specificity,4
image11,R1,direct,actionability,2
image11,R2,direct,actionability,4
image11,R3,direct,actionability,2
image11,R1,direct,pedagogical,2
image11,R2,direct,pedagogical,3
image11,R3,direct,pedagogical,1
image11,R1,direct,relevance,3
image11,R2,direct,relevance,3
image11,R3,direct,relevance,2
image11,R1,direct,specificity,3
image11,R2,direct,specificity,3
image11,R3,direct,specificity,1
image11,R1,gdeval,actionability,4
image11,R2,gdeval,actionability,5
image11,R3,gdeval,actionability,5
image11,R1,gdeval,pedagogical,4
image11,R2,gdeval,pedagogical,5
image11,R3,gdeval,pedagogical,5
image11,R1,gdeval,relevance,4
image11,R2,gdeval,relevance,5
image11,R3,gdeval,relevance,5
image11,R1,gdeval,specificity,4
image11,R2,gdeval,specificity,5
image11,R3,gdeval,specificity,5
image11,R1,rubric,actionability,3
image11,R2,rubric,actionability,4
image11,R3,rubric,actionability,4
image11,R1,rubric,pedagogical,3
image11,R2,rubric,pedagogical,4
image11,R3,rubric,pedagogical,3
image11,R1,rubric,relevance,4
image11,R2,rubric,relevance,4
image11,R3,rubric,relevance,4
image11,R1,rubric,specificity,4
image11,R2,rubric,specificity,4
image11,R3,rubric,specificity,3
image12,R1,direct,actionability,2
image12,R2,direct,actionability,4
image12,R3,direct,actionability,2
image12,R1,direct,pedagogical,2
image12,R2,direct,pedagogical,3
image12,R3,direct,pedagogical,1
image12,R1,direct,relevance,2
image12,R2,direct,relevance,3
image12,R3,direct,relevance,2
image12,R1,direct,specificity,2
image12,R2,direct,specificity,3
image12,R3,direct,specificity,3
image12,R1,gdeval,actionability,4
image12,R2,gdeval,actionability,5
image12,R3,gdeval,actionability,5
image12,R1,gdeval,pedagogical,5
image12,R2,gdeval,pedagogical,5
image12,R3,gdeval,pedagogical,5
image12,R1,gdeval,relevance,4
image12,R2,gdeval,relevance,5
image12,R3,gdeval,relevance,5
image12,R1,gdeval,specificity,5
image12,R2,gdeval,specificity,5
image12,R3,gdeval,specificity,5
image12,R1,rubric,actionability,3
image12,R2,rubric,actionability,4
image12,R3,rubric,actionability,3
image12,R1,rubric,pedagogical,4
image12,R2,rubric,pedagogical,4
image12,R3,rubric,pedagogical,3
image12,R1,rubric,relevance,3
image12,R2,rubric,relevance,4
image12,R3,rubric,relevance,2
image12,R1,rubric,specificity,3
image12,R2,rubric,specificity,4
image12,R3,rubric,specificity,3
image13,R1,direct,actionability,3
image13,R2,direct,actionability,4
image13,R3,direct,actionability,1
image13,R1,direct,pedagogical,3
image13,R2,direct,pedagogical,3
image13,R3,direct,pedagogical,1
image13,R1,direct,relevance,3
image13,R2,direct,relevance,3
image13,R3,direct,relevance,2
image13,R1,direct,specificity,3
image13,R2,direct,specificity,3
image13,R3,direct,specificity,2
image13,R1,gdeval,actionability,5
image13,R2,gdeval,actionability,5
image13,R3,gdeval,actionability,5
image13,R1,gdeval,pedagogical,5
image13,R2,gdeval,pedagogical,5
image13,R3,gdeval,pedagogical,5
image13,R1,gdeval,relevance,3
image13,R2,gdeval,relevance,5
image13,R3,gdeval,relevance,5
image13,R1,gdeval,specificity,4
image13,R2,gdeval,specificity,5
image13,R3,gdeval,specificity,5
image13,R1,rubric,actionability,4
image13,R2,rubric,actionability,4
image13,R3,rubric,actionability,3
image13,R1,rubric,pedagogical,4
image13,R2,rubric,pedagogical,4
image13,R3,rubric,pedagogical,3
image13,R1,rubric,relevance,4
image13,R2,rubric,relevance,4
image13,R3,rubric,relevance,4
image13,R1,rubric,specificity,4
image13,R2,rubric,specificity,4
image13,R3,rubric,specificity,4
image14,R1,direct,actionability,3
image14,R2,direct,actionability,4
image14,R3,direct,actionability,3
image14,R1,direct,pedagogical,3
image14,R2,direct,pedagogical,3
image14,R3,direct,pedagogical,1
image14,R1,direct,relevance,3
image14,R2,direct,relevance,3
image14,R3,direct,relevance,2
image14,R1,direct,specificity,3
image14,R2,direct,specificity,3
image14,R3,direct,specificity,3
image14,R1,gdeval,actionability,5
image14,R2,gdeval,actionability,5
image14,R3,gdeval,actionability,5
image14,R1,gdeval,pedagogical,5
image14,R2,gdeval,pedagogical,5
image14,R3,gdeval,pedagogical,5
image14,R1,gdeval,relevance,5
image14,R2,gdeval,relevance,5
image14,R3,gdeval,relevance,5
image14,R1,gdeval,specificity,5
image14,R2,gdeval,specificity,5
image14,R3,gdeval,specificity,5
image14,R1,rubric,actionability,5
image14,R2,rubric,actionability,4
image14,R3,rubric,actionability,2
image14,R1,rubric,pedagogical,4
image14,R2,rubric,pedagogical,4
image14,R3,rubric,pedagogical,1
image14,R1,rubric,relevance,4
image14,R2,rubric,relevance,4
image14,R3,rubric,relevance,2
image14,R1,rubric,specificity,5
image14,R2,rubric,specificity,4
image14,R3,rubric,specificity,1
image15,R1,direct,actionability,3
image15,R2,direct,actionability,4
image15,R3,direct,actionability,2
image15,R1,direct,pedagogical,2
image15,R2,direct,pedagogical,3
image15,R3,direct,pedagogical,1
image15,R1,direct,relevance,2
image15,R2,direct,relevance,3
image15,R3,direct,relevance,2
image15,R1,direct,specificity,3
image15,R2,direct,specificity,3
image15,R3,direct,specificity,3
image15,R1,gdeval,actionability,4
image15,R2,gdeval,actionability,5
image15,R3,gdeval,actionability,5
image15,R1,gdeval,pedagogical,4
image15,R2,gdeval,pedagogical,5
image15,R3,gdeval,pedagogical,5
image15,R1,gdeval,relevance,5
image15,R2,gdeval,relevance,5
image15,R3,gdeval,relevance,5
image15,R1,gdeval,specificity,4
image15,R2,gdeval,specificity,5
image15,R3,gdeval,specificity,5
image15,R1,rubric,actionability,4
image15,R2,rubric,actionability,4
image15,R3,rubric,actionability,2
image15,R1,rubric,pedagogical,3
image15,R2,rubric,pedagogical,4
image15,R3,rubric,pedagogical,3
image15,R1,rubric,relevance,4
image15,R2,rubric,relevance,4
image15,R3,rubric,relevance,3
image15,R1,rubric,specificity,4
image15,R2,rubric,specificity,4
image15,R3,rubric,specificity,4
image16,R1,direct,actionability,3
image16,R2,direct,actionability,4
image16,R3,direct,actionability,1
image16,R1,direct,pedagogical,3
image16,R2,direct,pedagogical,3
image16,R3,direct,pedagogical,1
image16,R1,direct,relevance,2
image16,R2,direct,relevance,3
image16,R3,direct,relevance,1
image16,R1,direct,specificity,3
image16,R2,direct,specificity,3
image16,R3,direct,specificity,1
image16,R1,gdeval,actionability,4
image16,R2,gdeval,actionability,5
image16,R3,gdeval,actionability,5
image16,R1,gdeval,pedagogical,5
image16,R2,gdeval,pedagogical,5
image16,R3,gdeval,pedagogical,5
image16,R1,gdeval,relevance,4
image16,R2,gdeval,relevance,5
image16,R3,gdeval,relevance,5
image16,R1,gdeval,specificity,5
image16,R2,gdeval,specificity,5
image16,R3,gdeval,specificity,5
image16,R1,rubric,actionability,3
image16,R2,rubric,actionability,4
image16,R3,rubric,actionability,1
image16,R1,rubric,pedagogical,3
image16,R2,rubric,pedagogical,3
image16,R3,rubric,pedagogical,2
image16,R1,rubric,relevance,2
image16,R2,rubric,relevance,3
image16,R3,rubric,relevance,1
image16,R1,rubric,specificity,3
image16,R2,rubric,specificity,3
image16,R3,rubric,specificity,2
image17,R1,direct,actionability,3
image17,R2,direct,actionability,4
image17,R3,direct,actionability,2
image17,R1,direct,pedagogical,2
image17,R2,direct,pedagogical,3
image17,R3,direct,pedagogical,2
image17,R1,direct,relevance,2
image17,R2,direct,relevance,3
image17,R3,direct,relevance,2
image17,R1,direct,specificity,3
image17,R2,direct,specificity,3
image17,R3,direct,specificity,2
image17,R1,gdeval,actionability,4
image17,R2,gdeval,actionability,4
image17,R3,gdeval,actionability,5
image17,R1,gdeval,pedagogical,5
image17,R2,gdeval,pedagogical,4
image17,R3,gdeval,pedagogical,5
image17,R1,gdeval,relevance,5
image17,R2,gdeval,relevance,4
image17,R3,gdeval,relevance,5
image17,R1,gdeval,specificity,4
image17,R2,gdeval,specificity,4
image17,R3,gdeval,specificity,5
image17,R1,rubric,actionability,2
image17,R2,rubric,actionability,4
image17,R3,rubric,actionability,4
image17,R1,rubric,pedagogical,2
image17,R2,rubric,pedagogical,3
image17,R3,rubric,pedagogical,3
image17,R1,rubric,relevance,3
image17,R2,rubric,relevance,4
image17,R3,rubric,relevance,4
image17,R1,rubric,specificity,3
image17,R2,rubric,specificity,3
image17,R3,rubric,specificity,3
image18,R1,direct,actionability,3
image18,R2,direct,actionability,4
image18,R3,direct,actionability,1
image18,R1,direct,pedagogical,3
image18,R2,direct,pedagogical,3
image18,R3,direct,pedagogical,2
image18,R1,direct,relevance,3
image18,R2,direct,relevance,3
image18,R3,direct,relevance,2
image18,R1,direct,specificity,3
image18,R2,direct,specificity,3
image18,R3,direct,specificity,3
image18,R1,gdeval,actionability,4
image18,R2,gdeval,actionability,4
image18,R3,gdeval,actionability,5
image18,R1,gdeval,pedagogical,5
image18,R2,gdeval,pedagogical,4
image18,R3,gdeval,pedagogical,5
image18,R1,gdeval,relevance,5
image18,R2,gdeval,relevance,4
image18,R3,gdeval,relevance,5
image18,R1,gdeval,specificity,4
image18,R2,gdeval,specificity,4
image18,R3,gdeval,specificity,5
image18,R1,rubric,actionability,4
image18,R2,rubric,actionability,4
image18,R3,rubric,actionability,4
image18,R1,rubric,pedagogical,4
image18,R2,rubric,pedagogical,3
image18,R3,rubric,pedagogical,3
image18,R1,rubric,relevance,4
image18,R2,rubric,relevance,4
image18,R3,rubric,relevance,4
image18,R1,rubric,specificity,4
image18,R2,rubric,specificity,3
image18,R3,rubric,specificity,3
image19,R1,direct,actionability,2
image19,R2,direct,actionability,4
image19,R3,direct,actionability,2
image19,R1,direct,pedagogical,1
image19,R2,direct,pedagogical,3
image19,R3,direct,pedagogical,1
image19,R1,direct,relevance,3
image19,R2,direct,relevance,3
image19,R3,direct,relevance,2
image19,R1,direct,specificity,3
image19,R2,direct,specificity,3
image19,R3,direct,specificity,1
image19,R1,gdeval,actionability,4
image19,R2,gdeval,actionability,5
image19,R3,gdeval,actionability,5
image19,R1,gdeval,pedagogical,5
image19,R2,gdeval,pedagogical,5
image19,R3,gdeval,pedagogical,5
image19,R1,gdeval,relevance,4
image19,R2,gdeval,relevance,5
image19,R3,gdeval,relevance,5
image19,R1,gdeval,specificity,5
image19,R2,gdeval,specificity,5
image19,R3,gdeval,specificity,5
image19,R1,rubric,actionability,4
image19,R2,rubric,actionability,4
image19,R3,rubric,actionability,4
image19,R1,rubric,pedagogical,4
image19,R2,rubric,pedagogical,4
image19,R3,rubric,pedagogical,3
image19,R1,rubric,relevance,3
image19,R2,rubric,relevance,4
image19,R3,rubric,relevance,3
image19,R1,rubric,specificity,3
image19,R2,rubric,specificity,4
image19,R3,rubric,specificity,4
image20,R1,direct,actionability,2
image20,R2,direct,actionability,4
image20,R3,direct,actionability,1
image20,R1,direct,pedagogical,1
image20,R2,direct,pedagogical,3
image20,R3,direct,pedagogical,1
image20,R1,direct,relevance,3
image20,R2,direct,relevance,3
image20,R3,direct,relevance,2
image20,R1,direct,specificity,3
image20,R2,direct,specificity,3
image20,R3,direct,specificity,1
image20,R1,gdeval,actionability,4
image20,R2,gdeval,actionability,5
image20,R3,gdeval,actionability,5
image20,R1,gdeval,pedagogical,5
image20,R2,gdeval,pedagogical,5
image20,R3,gdeval,pedagogical,5
image20,R1,gdeval,relevance,5
image20,R2,gdeval,relevance,5
image20,R3,gdeval,relevance,5
image20,R1,gdeval,specificity,5
image20,R2,gdeval,specificity,5
image20,R3,gdeval,specificity,5
image20,R1,rubric,actionability,3
image20,R2,rubric,actionability,4
image20,R3,rubric,actionability,3
image20,R1,rubric,pedagogical,4
image20,R2,rubric,pedagogical,4
image20,R3,rubric,pedagogical,3
image20,R1,rubric,relevance,3
image20,R2,rubric,relevance,4
image20,R3,rubric,relevance,3
image20,R1,rubric,specificity,4
image20,R2,rubric,specificity,4
image20,R3,rubric,specificity,3
image21,R1,direct,actionability,2
image21,R2,direct,actionability,4
image21,R3,direct,actionability,2
image21,R1,direct,pedagogical,2
image21,R2,direct,pedagogical,3
image21,R3,direct,pedagogical,1
image21,R1,direct,relevance,2
image21,R2,direct,relevance,3
image21,R3,direct,relevance,2
image21,R1,direct,specificity,3
image21,R2,direct,specificity,3
image21,R3,direct,specificity,3
image21,R1,gdeval,actionability,4
image21,R2,gdeval,actionability,5
image21,R3,gdeval,actionability,5
image21,R1,gdeval,pedagogical,5
image21,R2,gdeval,pedagogical,5
image21,R3,gdeval,pedagogical,5
image21,R1,gdeval,relevance,5
image21,R2,gdeval,relevance,5
image21,R3,gdeval,relevance,4
image21,R1,gdeval,specificity,5
image21,R2,gdeval,specificity,5
image21,R3,gdeval,specificity,5
image21,R1,rubric,actionability,3
image21,R2,rubric,actionability,4
image21,R3,rubric,actionability,2
image21,R1,rubric,pedagogical,3
image21,R2,rubric,pedagogical,4
image21,R3,rubric,pedagogical,3
image21,R1,rubric,relevance,4
image21,R2,rubric,relevance,4
image21,R3,rubric,relevance,3
image21,R1,rubric,specificity,4
image21,R2,rubric,specificity,4
image21,R3,rubric,specificity,4
image22,R1,direct,actionability,3
image22,R2,direct,actionability,4
image22,R3,direct,actionability,3
image22,R1,direct,pedagogical,2
image22,R2,direct,pedagogical,3
image22,R3,direct,pedagogical,2
image22,R1,direct,relevance,4
image22,R2,direct,relevance,3
image22,R3,direct,relevance,3
image22,R1,direct,specificity,4
image22,R2,direct,specificity,3
image22,R3,direct,specificity,4
image22,R1,gdeval,actionability,5
image22,R2,gdeval,actionability,5
image22,R3,gdeval,actionability,4
image22,R1,gdeval,pedagogical,5
image22,R2,gdeval,pedagogical,5
image22,R3,gdeval,pedagogical,5
image22,R1,gdeval,relevance,5
image22,R2,gdeval,relevance,5
image22,R3,gdeval,relevance,5
image22,R1,gdeval,specificity,5
image22,R2,gdeval,specificity,5
image22,R3,gdeval,specificity,5
image22,R1,rubric,actionability,3
image22,R2,rubric,actionability,4
image22,R3,rubric,actionability,3
image22,R1,rubric,pedagogical,3
image22,R2,rubric,pedagogical,4
image22,R3,rubric,pedagogical,2
image22,R1,rubric,relevance,4
image22,R2,rubric,relevance,4
image22,R3,rubric,relevance,4
image22,R1,rubric,specificity,3
image22,R2,rubric,specificity,4
image22,R3,rubric,specificity,4
image23,R1,direct,actionability,2
image23,R2,direct,actionability,4
image23,R3,direct,actionability,1
image23,R1,direct,pedagogical,2
image23,R2,direct,pedagogical,3
image23,R3,direct,pedagogical,1
image23,R1,direct,relevance,3
image23,R2,direct,relevance,3
image23,R3,direct,relevance,1
image23,R1,direct,specificity,3
image23,R2,direct,specificity,3
image23,R3,direct,specificity,1
image23,R1,gdeval,actionability,5
image23,R2,gdeval,actionability,5
image23,R3,gdeval,actionability,5
image23,R1,gdeval,pedagogical,4
image23,R2,gdeval,pedagogical,5
image23,R3,gdeval,pedagogical,5
image23,R1,gdeval,relevance,5
image23,R2,gdeval,relevance,5
image23,R3,gdeval,relevance,5
image23,R1,gdeval,specificity,5
image23,R2,gdeval,specificity,5
image23,R3,gdeval,specificity,5
image23,R1,rubric,actionability,3
image23,R2,rubric,actionability,4
image23,R3,rubric,actionability,3
image23,R1,rubric,pedagogical,2
image23,R2,rubric,pedagogical,4
image23,R3,rubric,pedagogical,3
image23,R1,rubric,relevance,3
image23,R2,rubric,relevance,4
image23,R3,rubric,relevance,3
image23,R1,rubric,specificity,3
image23,R2,rubric,specificity,4
image23,R3,rubric,specificity,2
image24,R1,direct,actionability,3
image24,R2,direct,actionability,4
image24,R3,direct,actionability,2
image24,R1,direct,pedagogical,3
image24,R2,direct,pedagogical,3
image24,R3,direct,pedagogical,1
image24,R1,direct,relevance,3
image24,R2,direct,relevance,3
image24,R3,direct,relevance,2
image24,R1,direct,specificity,4
image24,R2,direct,specificity,3
image24,R3,direct,specificity,1
image24,R1,gdeval,actionability,5
image24,R2,gdeval,actionability,5
image24,R3,gdeval,actionability,5
image24,R1,gdeval,pedagogical,4
image24,R2,gdeval,pedagogical,5
image24,R3,gdeval,pedagogical,5
image24,R1,gdeval,relevance,5
image24,R2,gdeval,relevance,5
image24,R3,gdeval,relevance,5
image24,R1,gdeval,specificity,4
image24,R2,gdeval,specificity,5
image24,R3,gdeval,specificity,5
image24,R1,rubric,actionability,4
image24,R2,rubric,actionability,4
image24,R3,rubric,actionability,3
image24,R1,rubric,pedagogical,4
image24,R2,rubric,pedagogical,4
image24,R3,rubric,pedagogical,3
image24,R1,rubric,relevance,4
image24,R2,rubric,relevance,4
image24,R3,rubric,relevance,4
image24,R1,rubric,specificity,4
image24,R2,rubric,specificity,4
image24,R3,rubric,specificity,3
image25,R1,direct,actionability,3
image25,R2,direct,actionability,4
image25,R3,direct,actionability,1
image25,R1,direct,pedagogical,3
image25,R2,direct,pedagogical,3
image25,R3,direct,pedagogical,1
image25,R1,direct,relevance,3
image25,R2,direct,relevance,3
image25,R3,direct,relevance,1
image25,R1,direct,specificity,4
image25,R2,direct,specificity,3
image25,R3,direct,specificity,1
image25,R1,gdeval,actionability,5
image25,R2,gdeval,actionability,5
image25,R3,gdeval,actionability,5
image25,R1,gdeval,pedagogical,5
image25,R2,gdeval,pedagogical,5
image25,R3,gdeval,pedagogical,5
image25,R1,gdeval,relevance,5
image25,R2,gdeval,relevance,5
image25,R3,gdeval,relevance,5
image25,R1,gdeval,specificity,5
image25,R2,gdeval,specificity,5
image25,R3,gdeval,specificity,5
image25,R1,rubric,actionability,4
image25,R2,rubric,actionability,4
image25,R3,rubric,actionability,3
image25,R1,rubric,pedagogical,4
image25,R2,rubric,pedagogical,4
image25,R3,rubric,pedagogical,3
image25,R1,rubric,relevance,4
image25,R2,rubric,relevance,4
image25,R3,rubric,relevance,4
image25,R1,rubric,specificity,5
image25,R2,rubric,specificity,4
image25,R3,rubric,specificity,3
image26,R1,direct,actionability,3
image26,R2,direct,actionability,4
image26,R3,direct,actionability,1
image26,R1,direct,pedagogical,3
image26,R2,direct,pedagogical,3
image26,R3,direct,pedagogical,1
image26,R1,direct,relevance,2
image26,R2,direct,relevance,3
image26,R3,direct,relevance,1
image26,R1,direct,specificity,3
image26,R2,direct,specificity,3
image26,R3,direct,specificity,2
image26,R1,gdeval,actionability,5
image26,R2,gdeval,actionability,5
image26,R3,gdeval,actionability,5
image26,R1,gdeval,pedagogical,5
image26,R2,gdeval,pedagogical,5
image26,R3,gdeval,pedagogical,5
image26,R1,gdeval,relevance,5
image26,R2,gdeval,relevance,5
image26,R3,gdeval,relevance,5
image26,R1,gdeval,specificity,4
image26,R2,gdeval,specificity,5
image26,R3,gdeval,specificity,5
image26,R1,rubric,actionability,3
image26,R2,rubric,actionability,4
image26,R3,rubric,actionability,3
image26,R1,rubric,pedagogical,3
image26,R2,rubric,pedagogical,4
image26,R3,rubric,pedagogical,3
image26,R1,rubric,relevance,4
image26,R2,rubric,relevance,4
image26,R3,rubric,relevance,4
image26,R1,rubric,specificity,3
image26,R2,rubric,specificity,4
image26,R3,rubric,specificity,4
image27,R1,direct,actionability,2
image27,R2,direct,actionability,4
image27,R3,direct,actionability,1
image27,R1,direct,pedagogical,2
image27,R2,direct,pedagogical,3
image27,R3,direct,pedagogical,1
image27,R1,direct,relevance,3
image27,R2,direct,relevance,3
image27,R3,direct,relevance,1
image27,R1,direct,specificity,3
image27,R2,direct,specificity,3
image27,R3,direct,specificity,2
image27,R1,gdeval,actionability,4
image27,R2,gdeval,actionability,5
image27,R3,gdeval,actionability,5
image27,R1,gdeval,pedagogical,5
image27,R2,gdeval,pedagogical,5
image27,R3,gdeval,pedagogical,5
image27,R1,gdeval,relevance,4
image27,R2,gdeval,relevance,5
image27,R3,gdeval,relevance,5
image27,R1,gdeval,specificity,5
image27,R2,gdeval,specificity,5
image27,R3,gdeval,specificity,5
image27,R1,rubric,actionability,3
image27,R2,rubric,actionability,4
image27,R3,rubric,actionability,4
image27,R1,rubric,pedagogical,3
image27,R2,rubric,pedagogical,4
image27,R3,rubric,pedagogical,3
image27,R1,rubric,relevance,4
image27,R2,rubric,relevance,4
image27,R3,rubric,relevance,2
image27,R1,rubric,specificity,4
image27,R2,rubric,specificity,4
image27,R3,rubric,specificity,3
image28,R1,direct,actionability,2
image28,R2,direct,actionability,4
image28,R3,direct,actionability,1
image28,R1,direct,pedagogical,2
image28,R2,direct,pedagogical,3
image28,R3,direct,pedagogical,1
image28,R1,direct,relevance,2
image28,R2,direct,relevance,3
image28,R3,direct,relevance,1
image28,R1,direct,specificity,2
image28,R2,direct,specificity,3
image28,R3,direct,specificity,1
image28,R1,gdeval,actionability,4
image28,R2,gdeval,actionability,5
image28,R3,gdeval,actionability,5
image28,R1,gdeval,pedagogical,5
image28,R2,gdeval,pedagogical,5
image28,R3,gdeval,pedagogical,5
image28,R1,gdeval,relevance,5
image28,R2,gdeval,relevance,5
image28,R3,gdeval,relevance,5
image28,R1,gdeval,specificity,4
image28,R2,gdeval,specificity,5
image28,R3,gdeval,specificity,5
image28,R1,rubric,actionability,3
image28,R2,rubric,actionability,4
image28,R3,rubric,actionability,3
image28,R1,rubric,pedagogical,4
image28,R2,rubric,pedagogical,4
image28,R3,rubric,pedagogical,3
image28,R1,rubric,relevance,4
image28,R2,rubric,relevance,4
image28,R3,rubric,relevance,3
image28,R1,rubric,specificity,4
image28,R2,rubric,specificity,4
image28,R3,rubric,specificity,3
image29,R1,direct,actionability,2
image29,R2,direct,actionability,4
image29,R3,direct,actionability,1
image29,R1,direct,pedagogical,2
image29,R2,direct,pedagogical,3
image29,R3,direct,pedagogical,2
image29,R1,direct,relevance,2
image29,R2,direct,relevance,3
image29,R3,direct,relevance,2
image29,R1,direct,specificity,3
image29,R2,direct,specificity,3
image29,R3,direct,specificity,3
image29,R1,gdeval,actionability,4
image29,R2,gdeval,actionability,5
image29,R3,gdeval,actionability,5
image29,R1,gdeval,pedagogical,5
image29,R2,gdeval,pedagogical,5
image29,R3,gdeval,pedagogical,5
image29,R1,gdeval,relevance,5
image29,R2,gdeval,relevance,5
image29,R3,gdeval,relevance,4
image29,R1,gdeval,specificity,5
image29,R2,gdeval,specificity,5
image29,R3,gdeval,specificity,5
image29,R1,rubric,actionability,2
image29,R2,rubric,actionability,4
image29,R3,rubric,actionability,3
image29,R1,rubric,pedagogical,2
image29,R2,rubric,pedagogical,4
image29,R3,rubric,pedagogical,3
image29,R1,rubric,relevance,3
image29,R2,rubric,relevance,4
image29,R3,rubric,relevance,3
image29,R1,rubric,specificity,3
image29,R2,rubric,specificity,4
image29,R3,rubric,specificity,4
image30,R1,direct,actionability,2
image30,R2,direct,actionability,4
image30,R3,direct,actionability,1
image30,R1,direct,pedagogical,2
image30,R2,direct,pedagogical,3
image30,R3,direct,pedagogical,2
image30,R1,direct,relevance,2
image30,R2,direct,relevance,3
image30,R3,direct,relevance,2
image30,R1,direct,specificity,3
image30,R2,direct,specificity,3
image30,R3,direct,specificity,1
image30,R1,gdeval,actionability,4
image30,R2,gdeval,actionability,5
image30,R3,gdeval,actionability,4
image30,R1,gdeval,pedagogical,5
image30,R2,gdeval,pedagogical,5
image30,R3,gdeval,pedagogical,5
image30,R1,gdeval,relevance,5
image30,R2,gdeval,relevance,5
image30,R3,gdeval,relevance,5
image30,R1,gdeval,specificity,4
image30,R2,gdeval,specificity,5
image30,R3,gdeval,specificity,5
image30,R1,rubric,actionability,2
image30,R2,rubric,actionability,4
image30,R3,rubric,actionability,3
image30,R1,rubric,pedagogical,2
image30,R2,rubric,pedagogical,4
image30,R3,rubric,pedagogical,3
image30,R1,rubric,relevance,2
image30,R2,rubric,relevance,4
image30,R3,rubric,relevance,3
image30,R1,rubric,specificity,3
image30,R2,rubric,specificity,4
image30,R3,rubric,specificity,4
image31,R1,direct,actionability,2
image31,R2,direct,actionability,4
image31,R3,direct,actionability,2
image31,R1,direct,pedagogical,2
image31,R2,direct,pedagogical,3
image31,R3,direct,pedagogical,2
image31,R1,direct,relevance,2
image31,R2,direct,relevance,3
image31,R3,direct,relevance,2
image31,R1,direct,specificity,3
image31,R2,direct,specificity,3
image31,R3,direct,specificity,3
image31,R1,gdeval,actionability,5
image31,R2,gdeval,actionability,4
image31,R3,gdeval,actionability,5
image31,R1,gdeval,pedagogical,4
image31,R2,gdeval,pedagogical,4
image31,R3,gdeval,pedagogical,5
image31,R1,gdeval,relevance,5
image31,R2,gdeval,relevance,4
image31,R3,gdeval,relevance,5
image31,R1,gdeval,specificity,5
image31,R2,gdeval,specificity,4
image31,R3,gdeval,specificity,5
image31,R1,rubric,actionability,4
image31,R2,rubric,actionability,4
image31,R3,rubric,actionability,3
image31,R1,rubric,pedagogical,4
image31,R2,rubric,pedagogical,4
image31,R3,rubric,pedagogical,3
image31,R1,rubric,relevance,4
image31,R2,rubric,relevance,4
image31,R3,rubric,relevance,3
image31,R1,rubric,specificity,4
image31,R2,rubric,specificity,4
image31,R3,rubric,specificity,4
image32,R1,direct,actionability,2
image32,R2,direct,actionability,4
image32,R3,direct,actionability,2
image32,R1,direct,pedagogical,2
image32,R2,direct,pedagogical,3
image32,R3,direct,pedagogical,1
image32,R1,direct,relevance,2
image32,R2,direct,relevance,3
image32,R3,direct,relevance,2
image32,R1,direct,specificity,2
image32,R2,direct,specificity,3
image32,R3,direct,specificity,3
image32,R1,gdeval,actionability,4
image32,R2,gdeval,actionability,5
image32,R3,gdeval,actionability,5
image32,R1,gdeval,pedagogical,5
image32,R2,gdeval,pedagogical,5
image32,R3,gdeval,pedagogical,5
image32,R1,gdeval,relevance,5
image32,R2,gdeval,relevance,5
image32,R3,gdeval,relevance,5
image32,R1,gdeval,specificity,5
image32,R2,gdeval,specificity,5
image32,R3,gdeval,specificity,5
image32,R1,rubric,actionability,3
image32,R2,rubric,actionability,4
image32,R3,rubric,actionability,3
image32,R1,rubric,pedagogical,3
image32,R2,rubric,pedagogical,4
image32,R3,rubric,pedagogical,3
image32,R1,rubric,relevance,4
image32,R2,rubric,relevance,4
image32,R3,rubric,relevance,3
image32,R1,rubric,specificity,4
image32,R2,rubric,specificity,4
image32,R3,rubric,specificity,4
image33,R1,direct,actionability,2
image33,R2,direct,actionability,4
image33,R3,direct,actionability,3
image33,R1,direct,pedagogical,2
image33,R2,direct,pedagogical,3
image33,R3,direct,pedagogical,2
image33,R1,direct,relevance,2
image33,R2,direct,relevance,3
image33,R3,direct,relevance,2
image33,R1,direct,specificity,2
image33,R2,direct,specificity,3
image33,R3,direct,specificity,1
image33,R1,gdeval,actionability,5
image33,R2,gdeval,actionability,4
image33,R3,gdeval,actionability,5
image33,R1,gdeval,pedagogical,5
image33,R2,gdeval,pedagogical,4
image33,R3,gdeval,pedagogical,5
image33,R1,gdeval,relevance,4
image33,R2,gdeval,relevance,4
image33,R3,gdeval,relevance,5
image33,R1,gdeval,specificity,5
image33,R2,gdeval,specificity,4
image33,R3,gdeval,specificity,5
image33,R1,rubric,actionability,3
image33,R2,rubric,actionability,4
image33,R3,rubric,actionability,3
image33,R1,rubric,pedagogical,3
image33,R2,rubric,pedagogical,4
image33,R3,rubric,pedagogical,3
image33,R1,rubric,relevance,3
image33,R2,rubric,relevance,5
image33,R3,rubric,relevance,2
image33,R1,rubric,specificity,3
image33,R2,rubric,specificity,5
image33,R3,rubric,specificity,4
image34,R1,direct,actionability,2
image34,R2,direct,actionability,4
image34,R3,direct,actionability,2
image34,R1,direct,pedagogical,3
image34,R2,direct,pedagogical,3
image34,R3,direct,pedagogical,2
image34,R1,direct,relevance,2
image34,R2,direct,relevance,3
image34,R3,direct,relevance,3
image34,R1,direct,specificity,3
image34,R2,direct,specificity,3
image34,R3,direct,specificity,3
image34,R1,gdeval,actionability,4
image34,R2,gdeval,actionability,4
image34,R3,gdeval,actionability,4
image34,R1,gdeval,pedagogical,5
image34,R2,gdeval,pedagogical,4
image34,R3,gdeval,pedagogical,5
image34,R1,gdeval,relevance,4
image34,R2,gdeval,relevance,5
image34,R3,gdeval,relevance,5
image34,R1,gdeval,specificity,5
image34,R2,gdeval,specificity,5
image34,R3,gdeval,specificity,5
image34,R1,rubric,actionability,3
image34,R2,rubric,actionability,4
image34,R3,rubric,actionability,3
image34,R1,rubric,pedagogical,3
image34,R2,rubric,pedagogical,4
image34,R3,rubric,pedagogical,3
image34,R1,rubric,relevance,3
image34,R2,rubric,relevance,4
image34,R3,rubric,relevance,4
image34,R1,rubric,specificity,3
image34,R2,rubric,specificity,4
image34,R3,rubric,specificity,4
image35,R1,direct,actionability,3
image35,R2,direct,actionability,4
image35,R3,direct,actionability,2
image35,R1,direct,pedagogical,3
image35,R2,direct,pedagogical,3
image35,R3,direct,pedagogical,2
image35,R1,direct,relevance,4
image35,R2,direct,relevance,3
image35,R3,direct,relevance,3
image35,R1,direct,specificity,3
image35,R2,direct,specificity,3
image35,R3,direct,specificity,3
image35,R1,gdeval,actionability,5
image35,R2,gdeval,actionability,4
image35,R3,gdeval,actionability,4
image35,R1,gdeval,pedagogical,5
image35,R2,gdeval,pedagogical,4
image35,R3,gdeval,pedagogical,5
image35,R1,gdeval,relevance,5
image35,R2,gdeval,relevance,4
image35,R3,gdeval,relevance,4
image35,R1,gdeval,specificity,4
image35,R2,gdeval,specificity,5
image35,R3,gdeval,specificity,5
image35,R1,rubric,actionability,3
image35,R2,rubric,actionability,4
image35,R3,rubric,actionability,3
image35,R1,rubric,pedagogical,4
image35,R2,rubric,pedagogical,4
image35,R3,rubric,pedagogical,3
image35,R1,rubric,relevance,3
image35,R2,rubric,relevance,4
image35,R3,rubric,relevance,3
image35,R1,rubric,specificity,4
image35,R2,rubric,specificity,4
image35,R3,rubric,specificity,4
image36,R1,direct,actionability,3
image36,R2,direct,actionability,4
image36,R3,direct,actionability,2
image36,R1,direct,pedagogical,4
image36,R2,direct,pedagogical,3
image36,R3,direct,pedagogical,1
image36,R1,direct,relevance,3
image36,R2,direct,relevance,3
image36,R3,direct,relevance,2
image36,R1,direct,specificity,4
image36,R2,direct,specificity,3
image36,R3,direct,specificity,1
image36,R1,gdeval,actionability,4
image36,R2,gdeval,actionability,5
image36,R3,gdeval,actionability,5
image36,R1,gdeval,pedagogical,5
image36,R2,gdeval,pedagogical,5
image36,R3,gdeval,pedagogical,5
image36,R1,gdeval,relevance,5
image36,R2,gdeval,relevance,5
image36,R3,gdeval,relevance,5
image36,R1,gdeval,specificity,4
image36,R2,gdeval,specificity,5
image36,R3,gdeval,specificity,5
image36,R1,rubric,actionability,3
image36,R2,rubric,actionability,4
image36,R3,rubric,actionability,3
image36,R1,rubric,pedagogical,3
image36,R2,rubric,pedagogical,4
image36,R3,rubric,pedagogical,4
image36,R1,rubric,relevance,3
image36,R2,rubric,relevance,4
image36,R3,rubric,relevance,3
image36,R1,rubric,specificity,3
image36,R2,rubric,specificity,4
image36,R3,rubric,specificity,4
image37,R1,direct,actionability,2
image37,R2,direct,actionability,4
image37,R3,direct,actionability,2
image37,R1,direct,pedagogical,2
image37,R2,direct,pedagogical,3
image37,R3,direct,pedagogical,1
image37,R1,direct,relevance,3
image37,R2,direct,relevance,3
image37,R3,direct,relevance,2
image37,R1,direct,specificity,2
image37,R2,direct,specificity,3
image37,R3,direct,specificity,3
image37,R1,gdeval,actionability,4
image37,R2,gdeval,actionability,5
image37,R3,gdeval,actionability,5
image37,R1,gdeval,pedagogical,5
image37,R2,gdeval,pedagogical,5
image37,R3,gdeval,pedagogical,5
image37,R1,gdeval,relevance,5
image37,R2,gdeval,relevance,5
image37,R3,gdeval,relevance,4
image37,R1,gdeval,specificity,4
image37,R2,gdeval,specificity,5
image37,R3,gdeval,specificity,5
image37,R1,rubric,actionability,3
image37,R2,rubric,actionability,4
image37,R3,rubric,actionability,3
image37,R1,rubric,pedagogical,3
image37,R2,rubric,pedagogical,4
image37,R3,rubric,pedagogical,3
image37,R1,rubric,relevance,3
image37,R2,rubric,relevance,4
image37,R3,rubric,relevance,2
image37,R1,rubric,specificity,3
image37,R2,rubric,specificity,4
image37,R3,rubric,specificity,3
image38,R1,direct,actionability,2
image38,R2,direct,actionability,4
image38,R3,direct,actionability,3
image38,R1,direct,pedagogical,3
image38,R2,direct,pedagogical,3
image38,R3,direct,pedagogical,3
image38,R1,direct,relevance,2
image38,R2,direct,relevance,3
image38,R3,direct,relevance,2
image38,R1,direct,specificity,3
image38,R2,direct,specificity,3
image38,R3,direct,specificity,3
image38,R1,gdeval,actionability,4
image38,R2,gdeval,actionability,5
image38,R3,gdeval,actionability,5
image38,R1,gdeval,pedagogical,5
image38,R2,gdeval,pedagogical,5
image38,R3,gdeval,pedagogical,5
image38,R1,gdeval,relevance,4
image38,R2,gdeval,relevance,5
image38,R3,gdeval,relevance,5
image38,R1,gdeval,specificity,4
image38,R2,gdeval,specificity,5
image38,R3,gdeval,specificity,5
image38,R1,rubric,actionability,3
image38,R2,rubric,actionability,4
image38,R3,rubric,actionability,3
image38,R1,rubric,pedagogical,3
image38,R2,rubric,pedagogical,4
image38,R3,rubric,pedagogical,3
image38,R1,rubric,relevance,2
image38,R2,rubric,relevance,4
image38,R3,rubric,relevance,3
image38,R1,rubric,specificity,3
image38,R2,rubric,specificity,4
image38,R3,rubric,specificity,4
image39,R1,direct,actionability,3
image39,R2,direct,actionability,4
image39,R3,direct,actionability,2
image39,R1,direct,pedagogical,3
image39,R2,direct,pedagogical,3
image39,R3,direct,pedagogical,1
image39,R1,direct,relevance,3
image39,R2,direct,relevance,3
image39,R3,direct,relevance,2
image39,R1,direct,specificity,3
image39,R2,direct,specificity,3
image39,R3,direct,specificity,1
image39,R1,gdeval,actionability,4
image39,R2,gdeval,actionability,5
image39,R3,gdeval,actionability,5
image39,R1,gdeval,pedagogical,5
image39,R2,gdeval,pedagogical,5
image39,R3,gdeval,pedagogical,5
image39,R1,gdeval,relevance,5
image39,R2,gdeval,relevance,5
image39,R3,gdeval,relevance,5
image39,R1,gdeval,specificity,5
image39,R2,gdeval,specificity,5
image39,R3,gdeval,specificity,5
image39,R1,rubric,actionability,3
image39,R2,rubric,actionability,4
image39,R3,rubric,actionability,3
image39,R1,rubric,pedagogical,3
image39,R2,rubric,pedagogical,4
image39,R3,rubric,pedagogical,4
image39,R1,rubric,relevance,2
image39,R2,rubric,relevance,4
image39,R3,rubric,relevance,3
image39,R1,rubric,specificity,3
image39,R2,rubric,specificity,4
image39,R3,rubric,specificity,4
image40,R1,direct,actionability,5
image40,R2,direct,actionability,4
image40,R3,direct,actionability,3
image40,R1,direct,pedagogical,4
image40,R2,direct,pedagogical,3
image40,R3,direct,pedagogical,3
image40,R1,direct,relevance,5
image40,R2,direct,relevance,3
image40,R3,direct,relevance,3
image40,R1,direct,specificity,4
image40,R2,direct,specificity,3
image40,R3,direct,specificity,4
image40,R1,gdeval,actionability,5
image40,R2,gdeval,actionability,4
image40,R3,gdeval,actionability,5
image40,R1,gdeval,pedagogical,5
image40,R2,gdeval,pedagogical,4
image40,R3,gdeval,pedagogical,5
image40,R1,gdeval,relevance,4
image40,R2,gdeval,relevance,4
image40,R3,gdeval,relevance,5
image40,R1,gdeval,specificity,5
image40,R2,gdeval,specificity,4
image40,R3,gdeval,specificity,5
image40,R1,rubric,actionability,3
image40,R2,rubric,actionability,4
image40,R3,rubric,actionability,3
image40,R1,rubric,pedagogical,4
image40,R2,rubric,pedagogical,4
image40,R3,rubric,pedagogical,3
image40,R1,rubric,relevance,3
image40,R2,rubric,relevance,4
image40,R3,rubric,relevance,3
image40,R1,rubric,specificity,4
image40,R2,rubric,specificity,4
image40,R3,rubric,specificity,4
image41,R1,direct,actionability,2
image41,R2,direct,actionability,4
image41,R3,direct,actionability,1
image41,R1,direct,pedagogical,3
image41,R2,direct,pedagogical,3
image41,R3,direct,pedagogical,1
image41,R1,direct,relevance,2
image41,R2,direct,relevance,3
image41,R3,direct,relevance,1
image41,R1,direct,specificity,2
image41,R2,direct,specificity,3
image41,R3,direct,specificity,1
image41,R1,gdeval,actionability,4
image41,R2,gdeval,actionability,5
image41,R3,gdeval,actionability,5
image41,R1,gdeval,pedagogical,5
image41,R2,gdeval,pedagogical,5
image41,R3,gdeval,pedagogical,5
image41,R1,gdeval,relevance,4
image41,R2,gdeval,relevance,5
image41,R3,gdeval,relevance,5
image41,R1,gdeval,specificity,5
image41,R2,gdeval,specificity,5
image41,R3,gdeval,specificity,5
image41,R1,rubric,actionability,3
image41,R2,rubric,actionability,4
image41,R3,rubric,actionability,2
image41,R1,rubric,pedagogical,4
image41,R2,rubric,pedagogical,4
image41,R3,rubric,pedagogical,2
image41,R1,rubric,relevance,3
image41,R2,rubric,relevance,4
image41,R3,rubric,relevance,2
image41,R1,rubric,specificity,4
image41,R2,rubric,specificity,4
image41,R3,rubric,specificity,2
image42,R1,direct,actionability,2
image42,R2,direct,actionability,4
image42,R3,direct,actionability,2
image42,R1,direct,pedagogical,2
image42,R2,direct,pedagogical,3
image42,R3,direct,pedagogical,1
image42,R1,direct,relevance,2
image42,R2,direct,relevance,3
image42,R3,direct,relevance,2
image42,R1,direct,specificity,3
image42,R2,direct,specificity,3
image42,R3,direct,specificity,1
image42,R1,gdeval,actionability,4
image42,R2,gdeval,actionability,5
image42,R3,gdeval,actionability,4
image42,R1,gdeval,pedagogical,5
image42,R2,gdeval,pedagogical,5
image42,R3,gdeval,pedagogical,5
image42,R1,gdeval,relevance,5
image42,R2,gdeval,relevance,5
image42,R3,gdeval,relevance,4
image42,R1,gdeval,specificity,5
image42,R2,gdeval,specificity,5
image42,R3,gdeval,specificity,5
image42,R1,rubric,actionability,2
image42,R2,rubric,actionability,4
image42,R3,rubric,actionability,3
image42,R1,rubric,pedagogical,3
image42,R2,rubric,pedagogical,4
image42,R3,rubric,pedagogical,3
image42,R1,rubric,relevance,3
image42,R2,rubric,relevance,4
image42,R3,rubric,relevance,3
image42,R1,rubric,specificity,3
image42,R2,rubric,specificity,4
image42,R3,rubric,specificity,3
image43,R1,direct,actionability,2
image43,R2,direct,actionability,4
image43,R3,direct,actionability,2
image43,R1,direct,pedagogical,3
image43,R2,direct,pedagogical,3
image43,R3,direct,pedagogical,1
image43,R1,direct,relevance,3
image43,R2,direct,relevance,3
image43,R3,direct,relevance,2
image43,R1,direct,specificity,2
image43,R2,direct,specificity,3
image43,R3,direct,specificity,1
image43,R1,gdeval,actionability,4
image43,R2,gdeval,actionability,5
image43,R3,gdeval,actionability,5
image43,R1,gdeval,pedagogical,5
image43,R2,gdeval,pedagogical,5
image43,R3,gdeval,pedagogical,5
image43,R1,gdeval,relevance,4
image43,R2,gdeval,relevance,5
image43,R3,gdeval,relevance,5
image43,R1,gdeval,specificity,5
image43,R2,gdeval,specificity,5
image43,R3,gdeval,specificity,5
image43,R1,rubric,actionability,2
image43,R2,rubric,actionability,4
image43,R3,rubric,actionability,3
image43,R1,rubric,pedagogical,2
image43,R2,rubric,pedagogical,4
image43,R3,rubric,pedagogical,3
image43,R1,rubric,relevance,2
image43,R2,rubric,relevance,4
image43,R3,rubric,relevance,3
image43,R1,rubric,specificity,3
image43,R2,rubric,specificity,4
image43,R3,rubric,specificity,4
image44,R1,direct,actionability,3
image44,R2,direct,actionability,4
image44,R3,direct,actionability,3
image44,R1,direct,pedagogical,3
image44,R2,direct,pedagogical,3
image44,R3,direct,pedagogical,2
image44,R1,direct,relevance,2
image44,R2,direct,relevance,3
image44,R3,direct,relevance,2
image44,R1,direct,specificity,3
image44,R2,direct,specificity,3
image44,R3,direct,specificity,3
image44,R1,gdeval,actionability,5
image44,R2,gdeval,actionability,5
image44,R3,gdeval,actionability,5
image44,R1,gdeval,pedagogical,5
image44,R2,gdeval,pedagogical,5
image44,R3,gdeval,pedagogical,5
image44,R1,gdeval,relevance,5
image44,R2,gdeval,relevance,5
image44,R3,gdeval,relevance,5
image44,R1,gdeval,specificity,4
image44,R2,gdeval,specificity,5
image44,R3,gdeval,specificity,5
image44,R1,rubric,actionability,3
image44,R2,rubric,actionability,4
image44,R3,rubric,actionability,3
image44,R1,rubric,pedagogical,2
image44,R2,rubric,pedagogical,4
image44,R3,rubric,pedagogical,3
image44,R1,rubric,relevance,4
image44,R2,rubric,relevance,4
image44,R3,rubric,relevance,3
image44,R1,rubric,specificity,3
image44,R2,rubric,specificity,4
image44,R3,rubric,specificity,4
image45,R1,direct,actionability,2
image45,R2,direct,actionability,4
image45,R3,direct,actionability,3
image45,R1,direct,pedagogical,3
image45,R2,direct,pedagogical,3
image45,R3,direct,pedagogical,3
image45,R1,direct,relevance,2
image45,R2,direct,relevance,3
image45,R3,direct,relevance,3
image45,R1,direct,specificity,3
image45,R2,direct,specificity,3
image45,R3,direct,specificity,4
image45,R1,gdeval,actionability,4
image45,R2,gdeval,actionability,5
image45,R3,gdeval,actionability,5
image45,R1,gdeval,pedagogical,5
image45,R2,gdeval,pedagogical,5
image45,R3,gdeval,pedagogical,5
image45,R1,gdeval,relevance,4
image45,R2,gdeval,relevance,5
image45,R3,gdeval,relevance,5
image45,R1,gdeval,specificity,5
image45,R2,gdeval,specificity,5
image45,R3,gdeval,specificity,5
image45,R1,rubric,actionability,3
image45,R2,rubric,actionability,4
image45,R3,rubric,actionability,4
image45,R1,rubric,pedagogical,4
image45,R2,rubric,pedagogical,4
image45,R3,rubric,pedagogical,3
image45,R1,rubric,relevance,4
image45,R2,rubric,relevance,4
image45,R3,rubric,relevance,4
image45,R1,rubric,specificity,4
image45,R2,rubric,specificity,4
image45,R3,rubric,specificity,5
image46,R1,direct,actionability,3
image46,R2,direct,actionability,4
image46,R3,direct,actionability,3
image46,R1,direct,pedagogical,3
image46,R2,direct,pedagogical,3
image46,R3,direct,pedagogical,3
image46,R1,direct,relevance,3
image46,R2,direct,relevance,3
image46,R3,direct,relevance,2
image46,R1,direct,specificity,3
image46,R2,direct,specificity,3
image46,R3,direct,specificity,4
image46,R1,gdeval,actionability,5
image46,R2,gdeval,actionability,5
image46,R3,gdeval,actionability,5
image46,R1,gdeval,pedagogical,4
image46,R2,gdeval,pedagogical,5
image46,R3,gdeval,pedagogical,5
image46,R1,gdeval,relevance,5
image46,R2,gdeval,relevance,5
image46,R3,gdeval,relevance,4
image46,R1,gdeval,specificity,4
image46,R2,gdeval,specificity,5
image46,R3,gdeval,specificity,5
image46,R1,rubric,actionability,4
image46,R2,rubric,actionability,4
image46,R3,rubric,actionability,4
image46,R1,rubric,pedagogical,3
image46,R2,rubric,pedagogical,4
image46,R3,rubric,pedagogical,3
image46,R1,rubric,relevance,4
image46,R2,rubric,relevance,4
image46,R3,rubric,relevance,4
image46,R1,rubric,specificity,4
image46,R2,rubric,specificity,4
image46,R3,rubric,specificity,5
image47,R1,direct,actionability,2
image47,R2,direct,actionability,4
image47,R3,direct,actionability,3
image47,R1,direct,pedagogical,2
image47,R2,direct,pedagogical,3
image47,R3,direct,pedagogical,3
image47,R1,direct,relevance,2
image47,R2,direct,relevance,3
image47,R3,direct,relevance,2
image47,R1,direct,specificity,3
image47,R2,direct,specificity,3
image47,R3,direct,specificity,4
image47,R1,gdeval,actionability,5
image47,R2,gdeval,actionability,5
image47,R3,gdeval,actionability,5
image47,R1,gdeval,pedagogical,4
image47,R2,gdeval,pedagogical,5
image47,R3,gdeval,pedagogical,5
image47,R1,gdeval,relevance,5
image47,R2,gdeval,relevance,5
image47,R3,gdeval,relevance,5
image47,R1,gdeval,specificity,4
image47,R2,gdeval,specificity,5
image47,R3,gdeval,specificity,5
image47,R1,rubric,actionability,4
image47,R2,rubric,actionability,4
image47,R3,rubric,actionability,4
image47,R1,rubric,pedagogical,4
image47,R2,rubric,pedagogical,4
image47,R3,rubric,pedagogical,4
image47,R1,rubric,relevance,4
image47,R2,rubric,relevance,4
image47,R3,rubric,relevance,4
image47,R1,rubric,specificity,4
image47,R2,rubric,specificity,4
image47,R3,rubric,specificity,4
image48,R1,direct,actionability,3
image48,R2,direct,actionability,4
image48,R3,direct,actionability,3
image48,R1,direct,pedagogical,3
image48,R2,direct,pedagogical,3
image48,R3,direct,pedagogical,3
image48,R1,direct,relevance,2
image48,R2,direct,relevance,3
image48,R3,direct,relevance,3
image48,R1,direct,specificity,3
image48,R2,direct,specificity,3
image48,R3,direct,specificity,4
image48,R1,gdeval,actionability,5
image48,R2,gdeval,actionability,5
image48,R3,gdeval,actionability,5
image48,R1,gdeval,pedagogical,5
image48,R2,gdeval,pedagogical,5
image48,R3,gdeval,pedagogical,5
image48,R1,gdeval,relevance,5
image48,R2,gdeval,relevance,5
image48,R3,gdeval,relevance,5
image48,R1,gdeval,specificity,4
image48,R2,gdeval,specificity,5
image48,R3,gdeval,specificity,5
image48,R1,rubric,actionability,3
image48,R2,rubric,actionability,4
image48,R3,rubric,actionability,3
image48,R1,rubric,pedagogical,3
image48,R2,rubric,pedagogical,4
image48,R3,rubric,pedagogical,3
image48,R1,rubric,relevance,4
image48,R2,rubric,relevance,4
image48,R3,rubric,relevance,3
image48,R1,rubric,specificity,4
image48,R2,rubric,specificity,4
image48,R3,rubric,specificity,4
image49,R1,direct,actionability,3
image49,R2,direct,actionability,4
image49,R3,direct,actionability,2
image49,R1,direct,pedagogical,3
image49,R2,direct,pedagogical,3
image49,R3,direct,pedagogical,1
image49,R1,direct,relevance,3
image49,R2,direct,relevance,3
image49,R3,direct,relevance,2
image49,R1,direct,specificity,4
image49,R2,direct,specificity,3
image49,R3,direct,specificity,1
image49,R1,gdeval,actionability,5
image49,R2,gdeval,actionability,5
image49,R3,gdeval,actionability,5
image49,R1,gdeval,pedagogical,4
image49,R2,gdeval,pedagogical,5
image49,R3,gdeval,pedagogical,5
image49,R1,gdeval,relevance,5
image49,R2,gdeval,relevance,5
image49,R3,gdeval,relevance,5
image49,R1,gdeval,specificity,5
image49,R2,gdeval,specificity,5
image49,R3,gdeval,specificity,5
image49,R1,rubric,actionability,3
image49,R2,rubric,actionability,4
image49,R3,rubric,actionability,4
image49,R1,rubric,pedagogical,2
image49,R2,rubric,pedagogical,4
image49,R3,rubric,pedagogical,4
image49,R1,rubric,relevance,3
image49,R2,rubric,relevance,4
image49,R3,rubric,relevance,4
image49,R1,rubric,specificity,4
image49,R2,rubric,specificity,4
image49,R3,rubric,specificity,5
image50,R1,direct,actionability,3
image50,R2,direct,actionability,4
image50,R3,direct,actionability,2
image50,R1,direct,pedagogical,2
image50,R2,direct,pedagogical,3
image50,R3,direct,pedagogical,1
image50,R1,direct,relevance,3
image50,R2,direct,relevance,3
image50,R3,direct,relevance,2
image50,R1,direct,specificity,3
image50,R2,direct,specificity,3
image50,R3,direct,specificity,3
image50,R1,gdeval,actionability,4
image50,R2,gdeval,actionability,5
image50,R3,gdeval,actionability,5
image50,R1,gdeval,pedagogical,5
image50,R2,gdeval,pedagogical,5
image50,R3,gdeval,pedagogical,5
image50,R1,gdeval,relevance,5
image50,R2,gdeval,relevance,5
image50,R3,gdeval,relevance,5
image50,R1,gdeval,specificity,5
image50,R2,gdeval,specificity,5
image50,R3,gdeval,specificity,5
image50,R1,rubric,actionability,3
image50,R2,rubric,actionability,4
image50,R3,rubric,actionability,4
image50,R1,rubric,pedagogical,3
image50,R2,rubric,pedagogical,4
image50,R3,rubric,pedagogical,3
image50,R1,rubric,relevance,3
image50,R2,rubric,relevance,4
image50,R3,rubric,relevance,3
image50,R1,rubric,specificity,3
image50,R2,rubric,specificity,4
image50,R3,rubric,specificity,4
